i,j,LON,LAT,SeaLevel,UpCont,Code,Error
3286,2933,109.516666666667,-7.75,95.7162348865894,93.2973634492835,13,212
3287,2933,109.55,-7.75,93.3090278747468,90.8284778747468,13,212
3288,2933,109.583333333333,-7.75,90.5498583758364,88.0058183758364,13,212
3289,2933,109.616666666667,-7.75,89.5606428164155,86.9505028164174,13,212
3290,2933,109.65,-7.75,92.170114542865,89.491244542865,13,212
3291,2933,109.683333333333,-7.75,101.096035442156,98.3457454421556,13,212
3292,2933,109.716666666667,-7.75,118.319327697302,115.494947697267,13,212
3293,2933,109.75,-7.75,141.48730504266,138.58613504266,13,212
3294,2933,109.783333333333,-7.75,166.089736624896,163.109106624855,13,212
3295,2933,109.816666666667,-7.75,188.795686341153,185.732976341119,13,212
3296,2933,109.85,-7.75,207.307241814881,204.159851814881,13,212
3297,2933,109.883333333333,-7.75,220.225799617752,216.991239617738,13,212
3298,2933,109.916666666667,-7.75,228.556109093023,225.231949093016,13,212
3299,2933,109.95,-7.75,234.393323589166,230.977243589166,13,212
3300,2933,109.983333333333,-7.75,240.115139850968,236.604939850961,13,212
3301,2933,110.016666666667,-7.75,243.342255220174,239.735875220174,13,212
3302,2933,110.05,-7.75,236.69823654857,232.99375654857,13,212
3303,2933,110.083333333333,-7.75,216.966679227877,213.16236922793,13,212
3304,2933,110.116666666667,-7.75,188.741720125045,184.835990125045,13,212
3305,2933,110.15,-7.75,161.932409291543,157.923909291543,13,212
3306,2933,110.183333333333,-7.75,141.805589125589,137.693159125626,13,212
3307,2933,110.216666666667,-7.75,121.329669347479,117.112359347479,13,212
3308,2933,110.25,-7.75,96.787711155427,92.4648211554788,13,212
3309,2933,110.283333333333,-7.75,80.7897606018518,76.3608306018706,13,212
3310,2933,110.316666666667,-7.75,82.3917099722274,77.8565399722274,13,212
3311,2933,110.35,-7.75,96.6374399021797,91.9960799021528,13,212
3312,2933,110.383333333333,-7.75,117.549359332657,112.802149332657,13,212
3313,2933,110.416666666667,-7.75,140.078187145296,135.225727145296,13,212
3314,2933,110.45,-7.75,157.710528027536,152.753708027518,13,212
3315,2933,110.483333333333,-7.75,166.739040857364,161.679050857364,13,212
3286,2932,109.516666666667,-7.71666666666667,101.862408951015,99.4108789510137,13,212
3287,2932,109.55,-7.71666666666667,102.324162144614,99.8134021446141,13,212
3288,2932,109.583333333333,-7.71666666666667,101.351238441441,98.7784884414406,13,212
3289,2932,109.616666666667,-7.71666666666667,100.910607828495,98.2730478284967,13,212
3290,2932,109.65,-7.71666666666667,103.101804341132,100.396544341132,13,212
3291,2932,109.683333333333,-7.71666666666667,112.023411430887,109.247541430887,13,212
3292,2932,109.716666666667,-7.71666666666667,130.002930817366,127.153510817329,13,212
3293,2932,109.75,-7.71666666666667,154.240770789095,151.314870789095,13,212
3294,2932,109.783333333333,-7.71666666666667,179.282706137084,176.277396137044,13,212
3295,2932,109.816666666667,-7.71666666666667,200.423850484115,197.336230484086,13,212
3296,2932,109.85,-7.71666666666667,215.129836914879,211.957056914879,13,212
3297,2932,109.883333333333,-7.71666666666667,222.859525298658,219.598805298654,13,212
3298,2932,109.916666666667,-7.71666666666667,226.229105720498,222.877765720499,13,212
3299,2932,109.95,-7.71666666666667,228.537427507901,225.092867507901,13,212
3300,2932,109.983333333333,-7.71666666666667,231.123073928303,227.582823928303,13,212
3301,2932,110.016666666667,-7.71666666666667,232.241717464828,228.603437464828,13,212
3302,2932,110.05,-7.71666666666667,227.470190900407,223.731700900407,13,212
3303,2932,110.083333333333,-7.71666666666667,210.647182493881,206.806452493932,13,212
3304,2932,110.116666666667,-7.71666666666667,179.529396427341,175.584606427341,13,212
3305,2932,110.15,-7.71666666666667,143.704564407772,139.654084407772,13,212
3306,2932,110.183333333333,-7.71666666666667,115.938917772855,111.7813277729,13,212
3307,2932,110.216666666667,-7.71666666666667,94.757315079543,90.491405079543,13,212
3308,2932,110.25,-7.71666666666667,73.9930346675693,69.6178646676132,13,212
3309,2932,110.283333333333,-7.71666666666667,59.6035502712637,55.1184202712848,13,212
3310,2932,110.316666666667,-7.71666666666667,58.5641705872531,53.9686305872531,13,212
3311,2932,110.35,-7.71666666666667,68.84198861416,64.1358786141402,13,212
3312,2932,110.383333333333,-7.71666666666667,85.8858383735121,81.0692683735121,13,212
3313,2932,110.416666666667,-7.71666666666667,105.26281042398,100.33617042398,13,212
3314,2932,110.45,-7.71666666666667,121.355512055175,116.319502055158,13,212
3315,2932,110.483333333333,-7.71666666666667,130.38119463625,125.23681463625,13,212
3286,2931,109.516666666667,-7.68333333333334,104.418069046205,101.941279046192,13,212
3287,2931,109.55,-7.68333333333334,111.505883812886,108.971843812886,13,212
3288,2931,109.583333333333,-7.68333333333334,116.574146026075,113.979886026075,13,212
3289,2931,109.616666666667,-7.68333333333334,119.843661959363,117.186141959361,13,212
3290,2931,109.65,-7.68333333333334,122.829589609908,120.105679609908,13,212
3291,2931,109.683333333333,-7.68333333333334,130.892383968496,128.098933968496,13,212
3292,2931,109.716666666667,-7.68333333333334,146.682460374692,143.816290374661,13,212
3293,2931,109.75,-7.68333333333334,166.171553505767,163.229473505767,13,212
3294,2931,109.783333333333,-7.68333333333334,183.447486099205,180.426316099183,13,212
3295,2931,109.816666666667,-7.68333333333334,194.777480039702,191.674070039691,13,212
3296,2931,109.85,-7.68333333333334,200.348898411967,197.160118411967,13,212
3297,2931,109.883333333333,-7.68333333333334,201.426280893028,198.149100893034,13,212
3298,2931,109.916666666667,-7.68333333333334,200.803743018821,197.435193018826,13,212
3299,2931,109.95,-7.68333333333334,200.850343819708,197.387553819708,13,212
3300,2931,109.983333333333,-7.68333333333334,202.089075104095,198.529295104096,13,212
3301,2931,110.016666666667,-7.68333333333334,204.938324988368,201.278964988368,13,212
3302,2931,110.05,-7.68333333333334,207.187410162616,203.425990162616,13,212
3303,2931,110.083333333333,-7.68333333333334,199.519290417908,195.653530417943,13,212
3304,2931,110.116666666667,-7.68333333333334,172.782550100919,168.810350100919,13,212
3305,2931,110.15,-7.68333333333334,133.173961040338,129.093421040338,13,212
3306,2931,110.183333333333,-7.68333333333334,97.0559606143769,92.8654006144381,13,212
3307,2931,110.216666666667,-7.68333333333334,71.8376038726365,67.5355738726365,13,212
3308,2931,110.25,-7.68333333333334,53.6588728949152,49.2441628949511,13,212
3309,2931,110.283333333333,-7.68333333333334,40.3575005079558,35.829180507981,13,212
3310,2931,110.316666666667,-7.68333333333334,35.6485626707177,31.0059326707177,13,212
3311,2931,110.35,-7.68333333333334,40.5035592225907,35.7462292225814,13,212
3312,2931,110.383333333333,-7.68333333333334,51.1460312259631,46.2739012259631,13,212
3313,2931,110.416666666667,-7.68333333333334,63.8543123932857,58.8675623932857,13,212
3314,2931,110.45,-7.68333333333334,75.2329736430166,70.1320936430057,13,212
3315,2931,110.483333333333,-7.68333333333334,81.694473182086,76.480283182086,13,212
3286,2930,109.516666666667,-7.65000000000001,100.289204339592,97.7938243395747,13,212
3287,2930,109.55,-7.65000000000001,111.908655234451,109.358285234451,13,212
3288,2930,109.583333333333,-7.65000000000001,123.846411206591,121.237851206591,13,212
3289,2930,109.616666666667,-7.65000000000001,133.919591120574,131.24958112056,13,212
3290,2930,109.65,-7.65000000000001,142.053565239217,139.318755239217,13,212
3291,2930,109.683333333333,-7.65000000000001,151.439813864058,148.636823864058,13,212
3292,2930,109.716666666667,-7.65000000000001,163.61585582854,160.74124582852,13,212
3293,2930,109.75,-7.65000000000001,174.581182092745,171.631522092745,13,212
3294,2930,109.783333333333,-7.65000000000001,179.318892445293,176.290742445295,13,212
3295,2930,109.816666666667,-7.65000000000001,176.866713023876,173.756653023889,13,212
3296,2930,109.85,-7.65000000000001,171.253493129688,168.058143129688,13,212
3297,2930,109.883333333333,-7.65000000000001,165.461085193222,162.177135193236,13,212
3298,2930,109.916666666667,-7.65000000000001,161.570177902836,158.194387902844,13,212
3299,2930,109.95,-7.65000000000001,161.002517976705,157.531767976705,13,212
3300,2930,109.983333333333,-7.65000000000001,164.785235794282,161.216485794275,13,212
3301,2930,110.016666666667,-7.65000000000001,174.19421204914,170.52459204914,13,212
3302,2930,110.05,-7.65000000000001,184.729181129176,180.955961129176,13,212
3303,2930,110.083333333333,-7.65000000000001,184.773107209566,180.893717209587,13,212
3304,2930,110.116666666667,-7.65000000000001,164.673242986003,160.685322986003,13,212
3305,2930,110.15,-7.65000000000001,127.059255350711,122.960645350711,13,212
3306,2930,110.183333333333,-7.65000000000001,85.4719267705638,81.2606667706415,13,212
3307,2930,110.216666666667,-7.65000000000001,53.907289871281,49.581679871281,13,212
3308,2930,110.25,-7.65000000000001,33.4669896304229,29.0255696304605,13,212
3309,2930,110.283333333333,-7.65000000000001,18.3405237266326,13.7821137266629,13,212
3310,2930,110.316666666667,-7.65000000000001,10.2619237510892,5.5855837510892,13,212
3311,2930,110.35,-7.65000000000001,10.8927277590947,6.0978377590936,13,212
3312,2930,110.383333333333,-7.65000000000001,16.2798203811063,11.3660603811063,13,212
3313,2930,110.416666666667,-7.65000000000001,23.0745423620367,18.0418823620367,13,212
3314,2930,110.45,-7.65000000000001,28.667542359952,23.5162523599517,13,212
3315,2930,110.483333333333,-7.65000000000001,28.6846573810365,23.4153673810365,13,212
3286,2929,109.516666666667,-7.61666666666667,87.3361323906028,84.8288423905884,13,212
3287,2929,109.55,-7.61666666666667,99.5170638765148,96.9572938765148,13,212
3288,2929,109.583333333333,-7.61666666666667,115.626634646857,113.010974646857,13,212
3289,2929,109.616666666667,-7.61666666666667,131.936120096026,129.261080095999,13,212
3290,2929,109.65,-7.61666666666667,146.0602484128,143.3222784128,13,212
3291,2929,109.683333333333,-7.61666666666667,157.288462175298,154.483922175298,13,212
3292,2929,109.716666666667,-7.61666666666667,165.919810206743,163.045030206734,13,212
3293,2929,109.75,-7.61666666666667,170.021174308926,167.072464308926,13,212
3294,2929,109.783333333333,-7.61666666666667,166.871643543177,163.845323543194,13,212
3295,2929,109.816666666667,-7.61666666666667,156.912730158187,153.805120158213,13,212
3296,2929,109.85,-7.61666666666667,144.673652651745,141.481122651745,13,212
3297,2929,109.883333333333,-7.61666666666667,134.342602896666,131.061562896686,13,212
3298,2929,109.916666666667,-7.61666666666667,128.155062060504,124.782012060515,13,212
3299,2929,109.95,-7.61666666666667,127.032203143247,123.563733143247,13,212
3300,2929,109.983333333333,-7.61666666666667,131.958977083897,128.391797083886,13,212
3301,2929,110.016666666667,-7.61666666666667,143.090355296077,139.421305296077,13,212
3302,2929,110.05,-7.61666666666667,154.741722065668,150.967812065668,13,212
3303,2929,110.083333333333,-7.61666666666667,159.406633428079,155.525023428085,13,212
3304,2929,110.116666666667,-7.61666666666667,150.060911884544,146.068961884544,13,212
3305,2929,110.15,-7.61666666666667,120.058284786739,115.953574786739,13,212
3306,2929,110.183333333333,-7.61666666666667,77.2546461084117,73.034956108498,13,212
3307,2929,110.216666666667,-7.61666666666667,42.9186728122046,38.5820428122046,13,212
3308,2929,110.25,-7.61666666666667,20.8489962217981,16.3937162218401,13,212
3309,2929,110.283333333333,-7.61666666666667,2.61361362574939,-1.9617463742133,13,212
3310,2929,110.316666666667,-7.61666666666667,-9.32725159658301,-14.023861596583,13,212
3311,2929,110.35,-7.61666666666667,-12.3749790554161,-17.1937090554109,13,212
3312,2929,110.383333333333,-7.61666666666667,-10.8895147137074,-15.8309147137074,13,212
3313,2929,110.416666666667,-7.61666666666667,-9.1411953011133,-14.2055153011133,13,212
3314,2929,110.45,-7.61666666666667,-11.1606412128681,-16.3477912128511,13,212
3315,2929,110.483333333333,-7.61666666666667,-21.347221305708,-26.656791305708,13,212
3286,2928,109.516666666667,-7.58333333333333,68.8804636145377,66.3679136145228,13,212
3287,2928,109.55,-7.58333333333333,81.9760449740611,79.4137649740611,13,212
3288,2928,109.583333333333,-7.58333333333333,101.326738511282,98.711128511282,13,212
3289,2928,109.616666666667,-7.58333333333333,121.620503913684,118.947873913652,13,212
3290,2928,109.65,-7.58333333333333,137.678406587754,134.944946587754,13,212
3291,2928,109.683333333333,-7.58333333333333,147.937036596905,145.138896596905,13,212
3292,2928,109.716666666667,-7.58333333333333,153.067527142806,150.200797142804,13,212
3293,2928,109.75,-7.58333333333333,153.32979486478,150.39054486478,13,212
3294,2928,109.783333333333,-7.58333333333333,148.540521442322,145.524811442339,13,212
3295,2928,109.816666666667,-7.58333333333333,138.912463501012,135.816353501038,13,212
3296,2928,109.85,-7.58333333333333,126.477506782085,123.297116782085,13,212
3297,2928,109.883333333333,-7.58333333333333,115.940019154544,112.671499154564,13,212
3298,2928,109.916666666667,-7.58333333333333,110.077735956604,106.717325956615,13,212
3299,2928,109.95,-7.58333333333333,107.943757248047,104.487757248047,13,212
3300,2928,109.983333333333,-7.58333333333333,109.416500053968,105.861370053966,13,212
3301,2928,110.016666666667,-7.58333333333333,114.243545687579,110.585855687579,13,212
3302,2928,110.05,-7.58333333333333,119.738870192165,115.975330192166,13,212
3303,2928,110.083333333333,-7.58333333333333,126.890720170671,123.01825017066,13,212
3304,2928,110.116666666667,-7.58333333333333,129.964729396522,125.980419396522,13,212
3305,2928,110.15,-7.58333333333333,110.065236660403,105.966376660403,13,212
3306,2928,110.183333333333,-7.58333333333333,68.79251199098,64.5766419910694,13,212
3307,2928,110.216666666667,-7.58333333333333,34.7330263789289,30.3979363789289,13,212
3308,2928,110.25,-7.58333333333333,14.5063854453829,10.0500854454223,13,212
3309,2928,110.283333333333,-7.58333333333333,-3.625788510099,-8.2049785100594,13,212
3310,2928,110.316666666667,-7.58333333333333,-17.6281062147328,-22.3315762147328,13,212
3311,2928,110.35,-7.58333333333333,-23.6272954498578,-28.4561654498471,13,212
3312,2928,110.383333333333,-7.58333333333333,-25.552286749744,-30.507326749744,13,212
3313,2928,110.416666666667,-7.58333333333333,-28.779900591441,-33.861580591441,13,212
3314,2928,110.45,-7.58333333333333,-38.325610823526,-43.534060823492,13,212
3315,2928,110.483333333333,-7.58333333333333,-57.033744046136,-62.368754046136,13,212
3286,2927,109.516666666667,-7.55,57.8260385196976,55.3148185196862,13,212
3287,2927,109.55,-7.55,69.0428505938643,66.4849105938643,13,212
3288,2927,109.583333333333,-7.55,87.3646794167115,84.7562194167115,13,212
3289,2927,109.616666666667,-7.55,107.121478484818,104.458578484787,13,212
3290,2927,109.65,-7.55,122.233257006804,119.511917006804,13,212
3291,2927,109.683333333333,-7.55,130.785508600854,128.001628600854,13,212
3292,2927,109.716666666667,-7.55,133.245002140019,130.394452140022,13,212
3293,2927,109.75,-7.55,131.420100927296,128.498710927296,13,212
3294,2927,109.783333333333,-7.55,126.583695773087,123.587275773102,13,212
3295,2927,109.816666666667,-7.55,118.218157168878,115.142527168901,13,212
3296,2927,109.85,-7.55,107.152613927899,103.993603927899,13,212
3297,2927,109.883333333333,-7.55,97.1940757837379,93.9476057837573,13,212
3298,2927,109.916666666667,-7.55,90.6959003375864,87.3579203375992,13,212
3299,2927,109.95,-7.55,87.5463907519588,84.1129707519588,13,212
3300,2927,109.983333333333,-7.55,88.3068019045581,84.7741119045571,13,212
3301,2927,110.016666666667,-7.55,91.018976499698,87.383306499698,13,212
3302,2927,110.05,-7.55,93.6300264830644,89.8878464830644,13,212
3303,2927,110.083333333333,-7.55,101.085495673659,97.2334456736428,13,212
3304,2927,110.116666666667,-7.55,109.00198705159,105.03687705159,13,212
3305,2927,110.15,-7.55,96.3268420643255,92.2457120643255,13,212
3306,2927,110.183333333333,-7.55,60.9290003323541,56.7291303324357,13,212
3307,2927,110.216666666667,-7.55,29.7248285506575,25.4037185506575,13,212
3308,2927,110.25,-7.55,11.4928306211744,7.0482806212092,13,212
3309,2927,110.283333333333,-7.55,-4.0056298793608,-8.5755698793261,13,212
3310,2927,110.316666666667,-7.55,-16.7990642105989,-21.4960442105989,13,212
3311,2927,110.35,-7.55,-24.2193229643656,-29.0446629643503,13,212
3312,2927,110.383333333333,-7.55,-29.062177662005,-34.016897662005,13,212
3313,2927,110.416666666667,-7.55,-35.912707661214,-40.997497661214,13,212
3314,2927,110.45,-7.55,-48.781088568485,-53.996288568447,13,212
3315,2927,110.483333333333,-7.55,-69.50836747546,-74.85396747546,13,212
3286,2926,109.516666666667,-7.51666666666667,44.806143856496,42.3027638565009,13,212
3287,2926,109.55,-7.51666666666667,47.6417519900598,45.0949019900598,13,212
3288,2926,109.583333333333,-7.51666666666667,58.922252446027,56.327932446027,13,212
3289,2926,109.616666666667,-7.51666666666667,74.6528024931352,72.0069024931074,13,212
3290,2926,109.65,-7.51666666666667,88.7855098718453,86.0837898718453,13,212
3291,2926,109.683333333333,-7.51666666666667,97.6102464750688,94.8483964750688,13,212
3292,2926,109.716666666667,-7.51666666666667,101.116658527805,98.2903185278058,13,212
3293,2926,109.75,-7.51666666666667,100.449297281314,97.5540572813141,13,212
3294,2926,109.783333333333,-7.51666666666667,96.6413321017407,93.6727621017534,13,212
3295,2926,109.816666666667,-7.51666666666667,89.9567473337646,86.9104173337832,13,212
3296,2926,109.85,-7.51666666666667,80.274292591075,77.145792591075,13,212
3297,2926,109.883333333333,-7.51666666666667,66.9618637200347,63.746833720067,13,212
3298,2926,109.916666666667,-7.51666666666667,53.033328884015,49.7274788840418,13,212
3299,2926,109.95,-7.51666666666667,47.1958162404627,43.7949362404627,13,212
3300,2926,109.983333333333,-7.51666666666667,53.4017857716431,49.9017857716266,13,212
3301,2926,110.016666666667,-7.51666666666667,63.5439759180804,59.9408859180804,13,212
3302,2926,110.05,-7.51666666666667,71.2725877961183,67.5626077961183,13,212
3303,2926,110.083333333333,-7.51666666666667,79.8434063565843,76.0229063565712,13,212
3304,2926,110.116666666667,-7.51666666666667,86.6234865796665,82.6890165796665,13,212
3305,2926,110.15,-7.51666666666667,78.6766894245467,74.6250294245467,13,212
3306,2926,110.183333333333,-7.51666666666667,54.70465671109,50.5328267111484,13,212
3307,2926,110.216666666667,-7.51666666666667,31.3619022390108,27.0671422390108,13,212
3308,2926,110.25,-7.51666666666667,15.5235575145051,11.1034075145364,13,212
3309,2926,110.283333333333,-7.51666666666667,2.9466729710248,-1.6010570289478,13,212
3310,2926,110.316666666667,-7.51666666666667,-6.91091372108451,-11.5881237210845,13,212
3311,2926,110.35,-7.51666666666667,-13.9598376808277,-18.7680876808103,13,212
3312,2926,110.383333333333,-7.51666666666667,-20.7860242360795,-25.7265642360795,13,212
3313,2926,110.416666666667,-7.51666666666667,-30.505918418387,-35.579648418387,13,212
3314,2926,110.45,-7.51666666666667,-44.745141022128,-49.95262102209,13,212
3315,2926,110.483333333333,-7.51666666666667,-63.671688107207,-69.013128107207,13,212
3286,2925,109.516666666667,-7.48333333333333,10.8923042633231,8.40316426334998,13,212
3287,2925,109.55,-7.48333333333333,3.4353065204654,0.9061965204654,13,212
3288,2925,109.583333333333,-7.48333333333333,8.34141136995709,5.76812136995709,13,212
3289,2925,109.616666666667,-7.48333333333333,21.212735960246,18.5909459602206,13,212
3290,2925,109.65,-7.48333333333333,34.960304485001,32.285574485001,13,212
3291,2925,109.683333333333,-7.48333333333333,46.2890375073905,43.5568475073905,13,212
3292,2925,109.716666666667,-7.48333333333333,54.6625851399674,51.8683351399583,13,212
3293,2925,109.75,-7.48333333333333,58.3201422317356,55.4591922317356,13,212
3294,2925,109.783333333333,-7.48333333333333,56.5973575910619,53.6650375910729,13,212
3295,2925,109.816666666667,-7.48333333333333,51.577437255557,48.5690772555711,13,212
3296,2925,109.85,-7.48333333333333,43.284844487271,40.195794487271,13,212
3297,2925,109.883333333333,-7.48333333333333,27.0853382063637,23.910978206407,13,212
3298,2925,109.916666666667,-7.48333333333333,5.9493610931269,2.6851410931688,13,212
3299,2925,109.95,-7.48333333333333,-2.9581853690904,-6.3167253690904,13,212
3300,2925,109.983333333333,-7.48333333333333,7.8756651371298,4.4184451371003,13,212
3301,2925,110.016666666667,-7.48333333333333,26.068775465817,22.508645465817,13,212
3302,2925,110.05,-7.48333333333333,41.8583534788541,38.1912534788541,13,212
3303,2925,110.083333333333,-7.48333333333333,54.5420769528685,50.7641069528533,13,212
3304,2925,110.116666666667,-7.48333333333333,62.7063459479122,58.8138059479122,13,212
3305,2925,110.15,-7.48333333333333,61.7918628708647,57.7812528708647,13,212
3306,2925,110.183333333333,-7.48333333333333,51.6933246463984,47.5614146464288,13,212
3307,2925,110.216666666667,-7.48333333333333,39.2055682381804,34.9493382381804,13,212
3308,2925,110.25,-7.48333333333333,29.3650421324059,24.981792132427,13,212
3309,2925,110.283333333333,-7.48333333333333,23.0066463294376,18.4939163294526,13,212
3310,2925,110.316666666667,-7.48333333333333,18.2588706808422,13.6145406808422,13,212
3311,2925,110.35,-7.48333333333333,13.2528227518524,8.47509275186859,13,212
3312,2925,110.383333333333,-7.48333333333333,5.544037518054,0.631417518053993,13,212
3313,2925,110.416666666667,-7.48333333333333,-7.6690381937847,-12.7176781937847,13,212
3314,2925,110.45,-7.48333333333333,-24.782436991366,-29.967876991326,13,212
3315,2925,110.483333333333,-7.48333333333333,-41.551377900078,-46.874007900078,13,212
3286,2924,109.516666666667,-7.45,-18.6025189723172,-21.0711089722631,13,212
3287,2924,109.55,-7.45,-37.708740509002,-40.213610509002,13,212
3288,2924,109.583333333333,-7.45,-40.0663782172296,-42.6118982172296,13,212
3289,2924,109.616666666667,-7.45,-33.118617474151,-35.7093274741663,13,212
3290,2924,109.65,-7.45,-22.8547981200138,-25.4953181200138,13,212
3291,2924,109.683333333333,-7.45,-9.7957887454267,-12.4908687454267,13,212
3292,2924,109.716666666667,-7.45,3.4879807202323,0.733530720214002,13,212
3293,2924,109.75,-7.45,11.2170760895745,8.3983860895745,13,212
3294,2924,109.783333333333,-7.45,11.6208028418639,8.7329728418728,13,212
3295,2924,109.816666666667,-7.45,7.0457256119302,4.0838356119446,13,212
3296,2924,109.85,-7.45,-2.7929552559003,-5.8337952559003,13,212
3297,2924,109.883333333333,-7.45,-20.7881503783969,-23.9128003783524,13,212
3298,2924,109.916666666667,-7.45,-41.2165216203763,-44.4297916203383,13,212
3299,2924,109.95,-7.45,-47.6836383881911,-50.9902383881911,13,212
3300,2924,109.983333333333,-7.45,-34.9276885447599,-38.3322385447914,13,212
3301,2924,110.016666666667,-7.45,-13.9615597721254,-17.4685397721254,13,212
3302,2924,110.05,-7.45,7.2244860552162,3.6107460552162,13,212
3303,2924,110.083333333333,-7.45,26.1343769149347,22.4097069149083,13,212
3304,2924,110.116666666667,-7.45,41.1136180814132,37.2740680814132,13,212
3305,2924,110.15,-7.45,50.177324737072,46.219144737072,13,212
3306,2924,110.183333333333,-7.45,53.5673670110801,49.487047011084,13,212
3307,2924,110.216666666667,-7.45,54.0282813226218,49.8225813226218,13,212
3308,2924,110.25,-7.45,54.9323508769883,50.598280876991,13,212
3309,2924,110.283333333333,-7.45,58.2851295403823,53.8200195403804,13,212
3310,2924,110.316666666667,-7.45,60.5422737840583,55.9437437840583,13,212
3311,2924,110.35,-7.45,58.1880680825393,53.4540680825545,13,212
3312,2924,110.383333333333,-7.45,48.7402704250114,43.8691004250114,13,212
3313,2924,110.416666666667,-7.45,30.3601818829629,25.3504818829629,13,212
3314,2924,110.45,-7.45,8.8520783500706,3.70285835011541,13,212
3315,2924,110.483333333333,-7.45,-7.0406666511205,-12.3300166511205,13,212
3286,2923,109.516666666667,-7.41666666666667,-11.511374085835,-13.9532740857542,13,212
3287,2923,109.55,-7.41666666666667,-45.1649214455293,-47.6391814455293,13,212
3288,2923,109.583333333333,-7.41666666666667,-62.033304540257,-64.544484540257,13,212
3289,2923,109.616666666667,-7.41666666666667,-68.0380278711607,-70.5908378711557,13,212
3290,2923,109.65,-7.41666666666667,-65.5250035329534,-68.1242935329534,13,212
3291,2923,109.683333333333,-7.41666666666667,-54.0960883131025,-56.7467883131025,13,212
3292,2923,109.716666666667,-7.41666666666667,-39.0937644730178,-41.8009144730406,13,212
3293,2923,109.75,-7.41666666666667,-29.4630447066739,-32.2317247066739,13,212
3294,2923,109.783333333333,-7.41666666666667,-28.0341938082442,-30.8695338082366,13,212
3295,2923,109.816666666667,-7.41666666666667,-34.1123731832255,-37.0195231832045,13,212
3296,2923,109.85,-7.41666666666667,-49.9288546324615,-52.9129446324615,13,212
3297,2923,109.883333333333,-7.41666666666667,-73.938759100411,-77.004909100359,13,212
3298,2923,109.916666666667,-7.41666666666667,-92.193132916352,-95.346382916329,13,212
3299,2923,109.95,-7.41666666666667,-91.074203851073,-94.319513851073,13,212
3300,2923,109.983333333333,-7.41666666666667,-73.758181097685,-77.100431097721,13,212
3301,2923,110.016666666667,-7.41666666666667,-50.7971431807274,-54.2410631807274,13,212
3302,2923,110.05,-7.41666666666667,-25.7927913087408,-29.3429713087408,13,212
3303,2923,110.083333333333,-7.41666666666667,-0.0397023541598003,-3.7005623542007,13,212
3304,2923,110.116666666667,-7.41666666666667,24.2690209085102,20.4932809085102,13,212
3305,2923,110.15,-7.41666666666667,45.0089765807676,41.1143465807676,13,212
3306,2923,110.183333333333,-7.41666666666667,61.856737253439,57.839447253417,13,212
3307,2923,110.216666666667,-7.41666666666667,76.4083677736633,72.2649077736633,13,212
3308,2923,110.25,-7.41666666666667,90.2947219127994,86.0218819127802,13,212
3309,2923,110.283333333333,-7.41666666666667,103.923151582241,99.518001582223,13,212
3310,2923,110.316666666667,-7.41666666666667,112.322159325114,107.782089325114,13,212
3311,2923,110.35,-7.41666666666667,110.435988079713,105.758708079733,13,212
3312,2923,110.383333333333,-7.41666666666667,95.5573419876015,90.7409219876015,13,212
3313,2923,110.416666666667,-7.41666666666667,68.2540710838107,63.2969310838107,13,212
3314,2923,110.45,-7.41666666666667,38.7720505361036,33.6729705361595,13,212
3315,2923,110.483333333333,-7.41666666666667,19.5064164918696,14.2645764918696,13,212
3286,2922,109.516666666667,-7.38333333333334,24.7145999992734,22.305359999366,13,212
3287,2922,109.55,-7.38333333333334,-18.6591742291554,-21.0966442291554,13,212
3288,2922,109.583333333333,-7.38333333333334,-49.5225997983598,-51.9930497983598,13,212
3289,2922,109.616666666667,-7.38333333333334,-68.4985366052015,-71.0068466051769,13,212
3290,2922,109.65,-7.38333333333334,-73.9930469951152,-76.5442669951152,13,212
3291,2922,109.683333333333,-7.38333333333334,-66.6255134568311,-69.2247734568311,13,212
3292,2922,109.716666666667,-7.38333333333334,-54.4614931533655,-57.1140331533834,13,212
3293,2922,109.75,-7.38333333333334,-47.7491069404858,-50.4602369404858,13,212
3294,2922,109.783333333333,-7.38333333333334,-51.6203122643788,-54.3953822643577,13,212
3295,2922,109.816666666667,-7.38333333333334,-67.270971323751,-70.1153513237089,13,212
3296,2922,109.85,-7.38333333333334,-94.380608368094,-97.299668368094,13,212
3297,2922,109.883333333333,-7.38333333333334,-128.037854569742,-131.036944569676,13,212
3298,2922,109.916666666667,-7.38333333333334,-147.635703300892,-150.720103300879,13,212
3299,2922,109.95,-7.38333333333334,-138.076169217998,-141.251099217998,13,212
3300,2922,109.983333333333,-7.38333333333334,-113.467375512332,-116.737935512373,13,212
3301,2922,110.016666666667,-7.38333333333334,-88.374619453727,-91.745809453727,13,212
3302,2922,110.05,-7.38333333333334,-59.382357905918,-62.859027905918,13,212
3303,2922,110.083333333333,-7.38333333333334,-24.6831852359684,-28.2699852360291,13,212
3304,2922,110.116666666667,-7.38333333333334,10.6708587283573,6.9694487283573,13,212
3305,2922,110.15,-7.38333333333334,43.6414923863619,39.8212223863619,13,212
3306,2922,110.183333333333,-7.38333333333334,74.9445506640629,71.0014206640122,13,212
3307,2922,110.216666666667,-7.38333333333334,105.388252054789,101.318502054789,13,212
3308,2922,110.25,-7.38333333333334,133.877785863701,129.677935863658,13,212
3309,2922,110.283333333333,-7.38333333333334,158.101022707369,153.767912707337,13,212
3310,2922,110.316666666667,-7.38333333333334,172.225289360096,167.756059360096,13,212
3311,2922,110.35,-7.38333333333334,167.711283127956,163.103413127992,13,212
3312,2922,110.383333333333,-7.38333333333334,141.169306947253,136.420646947253,13,212
3313,2922,110.416666666667,-7.38333333333334,99.4400937510099,94.5488237510099,13,212
3314,2922,110.45,-7.38333333333334,57.1746242563803,52.1393342564569,13,212
3315,2922,110.483333333333,-7.38333333333334,29.2359564065128,24.0556064065128,13,212
3286,2921,109.516666666667,-7.35000000000001,70.029177837732,67.6584078378135,13,212
3287,2921,109.55,-7.35000000000001,29.9777273652723,27.5830373652723,13,212
3288,2921,109.583333333333,-7.35000000000001,-2.7136302546341,-5.1371502546341,13,212
3289,2921,109.616666666667,-7.35000000000001,-25.6748245997201,-28.132244599689,13,212
3290,2921,109.65,-7.35000000000001,-34.9289885018804,-37.4255285018804,13,212
3291,2921,109.683333333333,-7.35000000000001,-32.6890227981021,-35.2300327981021,13,212
3292,2921,109.716666666667,-7.35000000000001,-27.1856341600568,-29.7765341600623,13,212
3293,2921,109.75,-7.35000000000001,-30.037965878752,-32.684285878752,13,212
3294,2921,109.783333333333,-7.35000000000001,-48.522144032423,-51.2294340323711,13,212
3295,2921,109.816666666667,-7.35000000000001,-79.43635913159,-82.210229131523,13,212
3296,2921,109.85,-7.35000000000001,-117.189008302549,-120.035038302549,13,212
3297,2921,109.883333333333,-7.35000000000001,-160.277475519697,-163.20125551961,13,212
3298,2921,109.916666666667,-7.35000000000001,-187.025014454591,-190.032054454572,13,212
3299,2921,109.95,-7.35000000000001,-177.285034191642,-180.380794191642,13,212
3300,2921,109.983333333333,-7.35000000000001,-149.567697735547,-152.757527735594,13,212
3301,2921,110.016666666667,-7.35000000000001,-122.123820969126,-125.412950969126,13,212
3302,2921,110.05,-7.35000000000001,-88.438828509233,-91.832358509233,13,212
3303,2921,110.083333333333,-7.35000000000001,-44.631243266354,-48.1340732664345,13,212
3304,2921,110.116666666667,-7.35000000000001,1.3856794278682,-2.2311805721318,13,212
3305,2921,110.15,-7.35000000000001,45.6377597623593,41.9023697623593,13,212
3306,2921,110.183333333333,-7.35000000000001,89.8796648289322,86.0214948288564,13,212
3307,2921,110.216666666667,-7.35000000000001,134.553856422857,130.568906422857,13,212
3308,2921,110.25,-7.35000000000001,177.623215577148,173.507775577079,13,212
3309,2921,110.283333333333,-7.35000000000001,215.435583800353,211.186233800298,13,212
3310,2921,110.316666666667,-7.35000000000001,239.745381280526,235.359041280526,13,212
3311,2921,110.35,-7.35000000000001,235.995833293589,231.469753293636,13,212
3312,2921,110.383333333333,-7.35000000000001,197.662891107642,192.994671107642,13,212
3313,2921,110.416666666667,-7.35000000000001,136.727102010996,131.914712010996,13,212
3314,2921,110.45,-7.35000000000001,75.0991334979253,70.1409534980341,13,212
3315,2921,110.483333333333,-7.35000000000001,32.8581157596662,27.7528857596662,13,212
3286,2920,109.516666666667,-7.31666666666666,113.821899759702,111.495199759764,13,212
3287,2920,109.55,-7.31666666666666,83.256918255835,80.910788255835,13,212
3288,2920,109.583333333333,-7.31666666666666,59.6393780227449,57.2687380227449,13,212
3289,2920,109.616666666667,-7.31666666666666,45.4389891592645,43.0385991592819,13,212
3290,2920,109.65,-7.31666666666666,39.7212157463109,37.2856857463109,13,212
3291,2920,109.683333333333,-7.31666666666666,37.2925933279387,34.8164033279387,13,212
3292,2920,109.716666666667,-7.31666666666666,31.1406902495253,28.6181902495459,13,212
3293,2920,109.75,-7.31666666666666,11.3522448317795,8.7777348317795,13,212
3294,2920,109.783333333333,-7.31666666666666,-23.6712313442135,-26.303541344137,13,212
3295,2920,109.816666666667,-7.31666666666666,-60.0570096574735,-62.752909657412,13,212
3296,2920,109.85,-7.31666666666666,-93.98632452681,-96.75163452681,13,212
3297,2920,109.883333333333,-7.31666666666666,-137.971711304911,-140.812231304813,13,212
3298,2920,109.916666666667,-7.31666666666666,-178.271877682019,-181.193367681964,13,212
3299,2920,109.95,-7.31666666666666,-186.364920074048,-189.373050074048,13,212
3300,2920,109.983333333333,-7.31666666666666,-166.685382079248,-169.785752079293,13,212
3301,2920,110.016666666667,-7.31666666666666,-136.105900124173,-139.303980124173,13,212
3302,2920,110.05,-7.31666666666666,-95.802819113104,-99.103939113104,13,212
3303,2920,110.083333333333,-7.31666666666666,-46.7864119006639,-50.1957219007522,13,212
3304,2920,110.116666666667,-7.31666666666666,2.6649894926244,-0.857480507375598,13,212
3305,2920,110.15,-7.31666666666666,51.0874570456208,47.4471070456208,13,212
3306,2920,110.183333333333,-7.31666666666666,101.854311382817,98.0915513827277,13,212
3307,2920,110.216666666667,-7.31666666666666,154.353945862768,150.464555862768,13,212
3308,2920,110.25,-7.31666666666666,206.352285763954,202.332305763867,13,212
3309,2920,110.283333333333,-7.31666666666666,254.574235356329,250.420025356253,13,212
3310,2920,110.316666666667,-7.31666666666666,291.848550768828,287.556770768828,13,212
3311,2920,110.35,-7.31666666666666,301.831441800847,297.399121800871,13,212
3312,2920,110.383333333333,-7.31666666666666,266.511551210606,261.936081210606,13,212
3313,2920,110.416666666667,-7.31666666666666,191.113416488415,186.392546488415,13,212
3314,2920,110.45,-7.31666666666666,108.324781300163,103.456651300308,13,212
3315,2920,110.483333333333,-7.31666666666666,47.876340362408,42.859500362408,13,212
3286,2919,109.516666666667,-7.28333333333333,145.134163015309,142.856913015353,13,212
3287,2919,109.55,-7.28333333333333,123.979808995332,121.687778995332,13,212
3288,2919,109.583333333333,-7.28333333333333,112.227208143884,109.915168143884,13,212
3289,2919,109.616666666667,-7.28333333333333,108.73142966799,106.393979667994,13,212
3290,2919,109.65,-7.28333333333333,106.078933993583,103.710503993583,13,212
3291,2919,109.683333333333,-7.28333333333333,98.5915287012845,96.1864087012845,13,212
3292,2919,109.716666666667,-7.28333333333333,78.9750216483798,76.5274116484325,13,212
3293,2919,109.75,-7.28333333333333,42.6881296758559,40.1921096758559,13,212
3294,2919,109.783333333333,-7.28333333333333,-1.0752347366032,-3.6256447365227,13,212
3295,2919,109.816666666667,-7.28333333333333,-32.9108817527671,-35.5216917527263,13,212
3296,2919,109.85,-7.28333333333333,-54.4636346582233,-57.1408646582233,13,212
3297,2919,109.883333333333,-7.28333333333333,-89.045039969512,-91.794709969424,13,212
3298,2919,109.916666666667,-7.28333333333333,-135.240236020684,-138.068316020598,13,212
3299,2919,109.95,-7.28333333333333,-162.670335340907,-165.582745340907,13,212
3300,2919,109.983333333333,-7.28333333333333,-155.938566539393,-158.941116539431,13,212
3301,2919,110.016666666667,-7.28333333333333,-125.407371603565,-128.505771603565,13,212
3302,2919,110.05,-7.28333333333333,-83.389453243641,-86.589263243641,13,212
3303,2919,110.083333333333,-7.28333333333333,-35.320118012126,-38.6267280122126,13,212
3304,2919,110.116666666667,-7.28333333333333,13.2400784654227,9.8214684654227,13,212
3305,2919,110.15,-7.28333333333333,60.1953053464205,56.6597153464205,13,212
3306,2919,110.183333333333,-7.28333333333333,108.005028306789,104.347728306707,13,212
3307,2919,110.216666666667,-7.28333333333333,158.61356757628,154.83007757628,13,212
3308,2919,110.25,-7.28333333333333,213.076859907308,209.162989907212,13,212
3309,2919,110.283333333333,-7.28333333333333,266.166156025823,262.118026025738,13,212
3310,2919,110.316666666667,-7.28333333333333,312.829938418536,308.643998418536,13,212
3311,2919,110.35,-7.28333333333333,343.868098801865,339.541128801837,13,212
3312,2919,110.383333333333,-7.28333333333333,329.687099528707,325.216279528707,13,212
3313,2919,110.416666666667,-7.28333333333333,256.726153587295,252.109003587295,13,212
3314,2919,110.45,-7.28333333333333,163.106665755489,158.341125755657,13,212
3315,2919,110.483333333333,-7.28333333333333,87.4411768876058,82.5255868876058,13,212
3286,2918,109.516666666667,-7.25,136.622535786507,134.399875786511,13,212
3287,2918,109.55,-7.25,134.821430887603,132.588790887603,13,212
3288,2918,109.583333333333,-7.25,136.915393942775,134.667403942775,13,212
3289,2918,109.616666666667,-7.25,139.017752478345,136.748852478348,13,212
3290,2918,109.65,-7.25,134.840669963105,132.545129963105,13,212
3291,2918,109.683333333333,-7.25,123.044189130516,120.716139130516,13,212
3292,2918,109.716666666667,-7.25,97.9457745642378,95.5792045643011,13,212
3293,2918,109.75,-7.25,57.1092778166176,54.6980978166176,13,212
3294,2918,109.783333333333,-7.25,12.6518848879061,10.1899348879832,13,212
3295,2918,109.816666666667,-7.25,-17.4837402191809,-20.0026702191431,13,212
3296,2918,109.85,-7.25,-35.3226872541251,-37.9048372541251,13,212
3297,2918,109.883333333333,-7.25,-61.6263380676809,-64.2779180676118,13,212
3298,2918,109.916666666667,-7.25,-99.365455427454,-102.092665427379,13,212
3299,2918,109.95,-7.25,-125.603777933206,-128.412747933206,13,212
3300,2918,109.983333333333,-7.25,-122.069538934434,-124.966308934467,13,212
3301,2918,110.016666666667,-7.25,-93.70970108725,-96.70020108725,13,212
3302,2918,110.05,-7.25,-55.934355844247,-59.024365844247,13,212
3303,2918,110.083333333333,-7.25,-15.1342495543383,-18.3293995544107,13,212
3304,2918,110.116666666667,-7.25,26.4931931412069,23.1874831412069,13,212
3305,2918,110.15,-7.25,67.2161969360082,63.7947069360082,13,212
3306,2918,110.183333333333,-7.25,107.947472730187,104.405232730118,13,212
3307,2918,110.216666666667,-7.25,151.416009268999,147.748319268999,13,212
3308,2918,110.25,-7.25,203.399847141246,199.602277141147,13,212
3309,2918,110.283333333333,-7.25,260.997221699751,257.065681699653,13,212
3310,2918,110.316666666667,-7.25,316.934253080022,312.864953080022,13,212
3311,2918,110.35,-7.25,364.254080914518,360.043590914451,13,212
3312,2918,110.383333333333,-7.25,371.855677937502,367.500947937502,13,212
3313,2918,110.416666666667,-7.25,312.746410755147,308.244750755147,13,212
3314,2918,110.45,-7.25,216.741023778293,212.09014377848,13,212
3315,2918,110.483333333333,-7.25,127.615132294056,122.813172294056,13,212
3286,2917,109.516666666667,-7.21666666666667,90.8841041366913,88.7209341366559,13,212
3287,2917,109.55,-7.21666666666667,107.307793684817,105.139573684817,13,212
3288,2917,109.583333333333,-7.21666666666667,120.742041826535,118.563281826535,13,212
3289,2917,109.616666666667,-7.21666666666667,130.040093699545,127.845063699537,13,212
3290,2917,109.65,-7.21666666666667,130.317222774578,128.100052774578,13,212
3291,2917,109.683333333333,-7.21666666666667,121.584028506469,119.338678506469,13,212
3292,2917,109.716666666667,-7.21666666666667,101.389109717153,99.1094197172044,13,212
3293,2917,109.75,-7.21666666666667,67.3015871296836,64.9812771296836,13,212
3294,2917,109.783333333333,-7.21666666666667,26.6745496604502,24.3072796605262,13,212
3295,2917,109.816666666667,-7.21666666666667,-6.4936619237524,-8.9143019237028,13,212
3296,2917,109.85,-7.21666666666667,-28.4765309582124,-30.9569709582124,13,212
3297,2917,109.883333333333,-7.21666666666667,-49.772541335023,-52.3191913349754,13,212
3298,2917,109.916666666667,-7.21666666666667,-72.11778249359,-74.73705249355,13,212
3299,2917,109.95,-7.21666666666667,-82.641189326993,-85.339419326993,13,212
3300,2917,109.983333333333,-7.21666666666667,-72.537812333327,-75.321252333362,13,212
3301,2917,110.016666666667,-7.21666666666667,-46.6069754769634,-49.4817754769634,13,212
3302,2917,110.05,-7.21666666666667,-15.7751016189869,-18.7472716189869,13,212
3303,2917,110.083333333333,-7.21666666666667,14.1912323261529,11.1158523261048,13,212
3304,2917,110.116666666667,-7.21666666666667,41.5741151919115,38.3898751919115,13,212
3305,2917,110.15,-7.21666666666667,68.3037519175213,65.0052119175213,13,212
3306,2917,110.183333333333,-7.21666666666667,99.0927677055257,95.6747377054698,13,212
3307,2917,110.216666666667,-7.21666666666667,137.095800706196,133.553340706196,13,212
3308,2917,110.25,-7.21666666666667,186.615177749703,182.943647749606,13,212
3309,2917,110.283333333333,-7.21666666666667,246.006278321388,242.201358321282,13,212
3310,2917,110.316666666667,-7.21666666666667,305.19280969823,301.25048969823,13,212
3311,2917,110.35,-7.21666666666667,351.95775427623,347.874374276169,13,212
3312,2917,110.383333333333,-7.21666666666667,361.440473854108,357.212773854108,13,212
3313,2917,110.416666666667,-7.21666666666667,313.95799835623,309.58307835623,13,212
3314,2917,110.45,-7.21666666666667,228.293160024921,223.7685300251,13,212
3315,2917,110.483333333333,-7.21666666666667,140.394159504648,135.717749504648,13,212
3286,2916,109.516666666667,-7.18333333333334,54.3482759448796,52.2492159448551,13,212
3287,2916,109.55,-7.18333333333334,66.733825523474,64.634785523474,13,212
3288,2916,109.583333333333,-7.18333333333334,80.1359847777614,78.0313247777614,13,212
3289,2916,109.616666666667,-7.18333333333334,95.4312333238155,93.3151033237888,13,212
3290,2916,109.65,-7.18333333333334,105.03174465954,102.89811465954,13,212
3291,2916,109.683333333333,-7.18333333333334,104.593846592616,102.436526592616,13,212
3292,2916,109.716666666667,-7.18333333333334,93.1702259182609,90.982885918295,13,212
3293,2916,109.75,-7.18333333333334,69.5295182721424,67.3057182721424,13,212
3294,2916,109.783333333333,-7.18333333333334,37.6233287406464,35.3565587407111,13,212
3295,2916,109.816666666667,-7.18333333333334,6.7115137395051,4.3951837395574,13,212
3296,2916,109.85,-7.18333333333334,-16.1859089462579,-18.5584189462579,13,212
3297,2916,109.883333333333,-7.18333333333334,-31.9754021725753,-34.4107021725482,13,212
3298,2916,109.916666666667,-7.18333333333334,-39.6536559578665,-42.1583559578593,13,212
3299,2916,109.95,-7.18333333333334,-35.8546554217517,-38.4352754217517,13,212
3300,2916,109.983333333333,-7.18333333333334,-19.7492104522797,-22.4122204523167,13,212
3301,2916,110.016666666667,-7.18333333333334,3.924485448597,1.172715448597,13,212
3302,2916,110.05,-7.18333333333334,26.1444136186208,23.2976836186208,13,212
3303,2916,110.083333333333,-7.18333333333334,42.8674592525434,39.9196992525227,13,212
3304,2916,110.116666666667,-7.18333333333334,55.0025412625,51.9478812625,13,212
3305,2916,110.15,-7.18333333333334,66.3657336055936,63.1985336055936,13,212
3306,2916,110.183333333333,-7.18333333333334,83.4662197497996,80.1810497497652,13,212
3307,2916,110.216666666667,-7.18333333333334,112.424632832147,109.016342832147,13,212
3308,2916,110.25,-7.18333333333334,158.055407366818,154.519147366723,13,212
3309,2916,110.283333333333,-7.18333333333334,217.150594473617,213.481804473509,13,212
3310,2916,110.316666666667,-7.18333333333334,271.744412413821,267.938882413821,13,212
3311,2916,110.35,-7.18333333333334,299.82310988462,295.876959884609,13,212
3312,2916,110.383333333333,-7.18333333333334,289.356196309121,285.265956309121,13,212
3313,2916,110.416666666667,-7.18333333333334,243.949352795814,239.711912795814,13,212
3314,2916,110.45,-7.18333333333334,181.205669378064,176.81831937819,13,212
3315,2916,110.483333333333,-7.18333333333334,119.740199763256,115.200689763256,13,212
3286,2915,109.516666666667,-7.15000000000001,35.0410659450023,33.0104859450009,13,212
3287,2915,109.55,-7.15000000000001,41.0147619871228,38.9893619871228,13,212
3288,2915,109.583333333333,-7.15000000000001,53.965213222001,51.939223222001,13,212
3289,2915,109.616666666667,-7.15000000000001,68.7302277645275,66.6976777645009,13,212
3290,2915,109.65,-7.15000000000001,79.5091422639283,77.4638722639283,13,212
3291,2915,109.683333333333,-7.15000000000001,82.7404817574418,80.6761517574418,13,212
3292,2915,109.716666666667,-7.15000000000001,77.6117229683906,75.5218529684104,13,212
3293,2915,109.75,-7.15000000000001,63.4514592175553,61.3294592175553,13,212
3294,2915,109.783333333333,-7.15000000000001,42.9787205369976,40.8178905370409,13,212
3295,2915,109.816666666667,-7.15000000000001,21.2954830026157,19.0890730026556,13,212
3296,2915,109.85,-7.15000000000001,3.0962714060089,0.837491406008898,13,212
3297,2915,109.883333333333,-7.15000000000001,-8.3395572860035,-10.6575172859876,13,212
3298,2915,109.916666666667,-7.15000000000001,-8.2733624175816,-10.6572824175917,13,212
3299,2915,109.95,-7.15000000000001,3.61695841967531,1.1603484196753,13,212
3300,2915,109.983333333333,-7.15000000000001,23.6568013839043,21.1208413838652,13,212
3301,2915,110.016666666667,-7.15000000000001,45.4691770127428,42.8473170127428,13,212
3302,2915,110.05,-7.15000000000001,59.823827133227,57.109627133227,13,212
3303,2915,110.083333333333,-7.15000000000001,64.2142763341711,61.4014863341754,13,212
3304,2915,110.116666666667,-7.15000000000001,63.2009266240171,60.2834566240171,13,212
3305,2915,110.15,-7.15000000000001,62.1447417378634,59.1167317378634,13,212
3306,2915,110.183333333333,-7.15000000000001,66.5180421003611,63.3738621003505,13,212
3307,2915,110.216666666667,-7.15000000000001,82.7387520118217,79.4730420118217,13,212
3308,2915,110.25,-7.15000000000001,119.956097363272,116.563767363186,13,212
3309,2915,110.283333333333,-7.15000000000001,179.150547765445,175.626857765328,13,212
3310,2915,110.316666666667,-7.15000000000001,233.829783387145,230.170293387145,13,212
3311,2915,110.35,-7.15000000000001,247.326359604519,243.526999604552,13,212
3312,2915,110.383333333333,-7.15000000000001,214.787542382954,210.844612382954,13,212
3313,2915,110.416666666667,-7.15000000000001,163.974802299678,159.885002299678,13,212
3314,2915,110.45,-7.15000000000001,119.523304776221,115.283734776296,13,212
3315,2915,110.483333333333,-7.15000000000001,85.071350117801,80.679530117801,13,212
3286,2914,109.516666666667,-7.11666666666667,24.2354015898474,22.2773615898325,13,212
3287,2914,109.55,-7.11666666666667,38.7877725998418,36.8401525998418,13,212
3288,2914,109.583333333333,-7.11666666666667,56.0234201127556,54.0803601127556,13,212
3289,2914,109.616666666667,-7.11666666666667,65.0784855828896,63.1338855828815,13,212
3290,2914,109.65,-7.11666666666667,68.9078971770327,66.9554571770327,13,212
3291,2914,109.683333333333,-7.11666666666667,69.9894222449767,68.0226822449767,13,212
3292,2914,109.716666666667,-7.11666666666667,66.7139360993404,64.7262760993522,13,212
3293,2914,109.75,-7.11666666666667,59.0373688427549,57.0220188427549,13,212
3294,2914,109.783333333333,-7.11666666666667,47.993512218607,45.9436522186316,13,212
3295,2914,109.816666666667,-7.11666666666667,34.504422647501,32.4131226475295,13,212
3296,2914,109.85,-7.11666666666667,20.2386491475355,18.0989491475355,13,212
3297,2914,109.883333333333,-7.11666666666667,10.3220378476765,8.1269778476897,13,212
3298,2914,109.916666666667,-7.11666666666667,11.9806118033814,9.7232218033679,13,212
3299,2914,109.95,-7.11666666666667,26.7542029202025,24.4275629202025,13,212
3300,2914,109.983333333333,-7.11666666666667,49.9922541981114,47.5895041980676,13,212
3301,2914,110.016666666667,-7.11666666666667,71.3711702431073,68.8855702431073,13,212
3302,2914,110.05,-7.11666666666667,79.4767881099963,76.9017181099963,13,212
3303,2914,110.083333333333,-7.11666666666667,74.5713056061449,71.9003056061662,13,212
3304,2914,110.116666666667,-7.11666666666667,65.2253071549372,62.4520971549372,13,212
3305,2914,110.15,-7.11666666666667,57.0916764657921,54.2101764657921,13,212
3306,2914,110.183333333333,-7.11666666666667,54.1366770105564,51.1410670105599,13,212
3307,2914,110.216666666667,-7.11666666666667,61.9284560560056,58.8131660560056,13,212
3308,2914,110.25,-7.11666666666667,92.3868061035693,89.1465561034908,13,212
3309,2914,110.283333333333,-7.11666666666667,151.927437430123,148.557257429996,13,212
3310,2914,110.316666666667,-7.11666666666667,213.984897013427,210.480147013427,13,212
3311,2914,110.35,-7.11666666666667,230.923710810065,227.280120810103,13,212
3312,2914,110.383333333333,-7.11666666666667,189.814492475633,186.028152475633,13,212
3313,2914,110.416666666667,-7.11666666666667,130.145114849386,126.212534849386,13,212
3314,2914,110.45,-7.11666666666667,87.9436164081467,83.8616864082078,13,212
3315,2914,110.483333333333,-7.11666666666667,62.1598494867472,57.9259094867472,13,212
3286,2913,109.516666666667,-7.08333333333333,25.0800606049617,23.1983406049221,13,212
3287,2913,109.55,-7.08333333333333,48.8163784599857,46.9503984599857,13,212
3288,2913,109.583333333333,-7.08333333333333,66.8522420025685,64.9960320025685,13,212
3289,2913,109.616666666667,-7.08333333333333,71.1342300955898,69.2815900955928,13,212
3290,2913,109.65,-7.08333333333333,69.3984716634799,67.5429816634799,13,212
3291,2913,109.683333333333,-7.08333333333333,66.3990806923045,64.5341406923045,13,212
3292,2913,109.716666666667,-7.08333333333333,62.2557422794073,60.3746222794161,13,212
3293,2913,109.75,-7.08333333333333,57.9625547453899,56.0583447453899,13,212
3294,2913,109.783333333333,-7.08333333333333,53.0506226264666,51.1163426264782,13,212
3295,2913,109.816666666667,-7.08333333333333,45.4661389075182,43.4947189075378,13,212
3296,2913,109.85,-7.08333333333333,33.9164180371648,31.9007380371648,13,212
3297,2913,109.883333333333,-7.08333333333333,23.1093220510341,21.0422420510516,13,212
3298,2913,109.916666666667,-7.08333333333333,22.0561752406634,19.9305552406552,13,212
3299,2913,109.95,-7.08333333333333,35.3772790531745,33.1860390531745,13,212
3300,2913,109.983333333333,-7.08333333333333,60.0676299748535,57.8037399748045,13,212
3301,2913,110.016666666667,-7.08333333333333,83.7170985864243,81.3736285864243,13,212
3302,2913,110.05,-7.08333333333333,91.150627348511,88.720767348511,13,212
3303,2913,110.083333333333,-7.08333333333333,82.02537408484,79.5024640848709,13,212
3304,2913,110.116666666667,-7.08333333333333,67.8029576734937,65.1805376734937,13,212
3305,2913,110.15,-7.08333333333333,56.8514425661376,54.1232325661376,13,212
3306,2913,110.183333333333,-7.08333333333333,53.5820700774835,50.7420500774857,13,212
3307,2913,110.216666666667,-7.08333333333333,61.8169013901428,58.8593113901428,13,212
3308,2913,110.25,-7.08333333333333,91.8903361063665,88.8096861062897,13,212
3309,2913,110.283333333333,-7.08333333333333,150.906033211255,147.697163211129,13,212
3310,2913,110.316666666667,-7.08333333333333,215.866083106052,212.524163106052,13,212
3311,2913,110.35,-7.08333333333333,236.704903025341,233.225443025375,13,212
3312,2913,110.383333333333,-7.08333333333333,191.607611296679,187.986531296679,13,212
3313,2913,110.416666666667,-7.08333333333333,121.84331874984,118.07689874984,13,212
3314,2913,110.45,-7.08333333333333,73.0188366366001,69.1038066366665,13,212
3315,2913,110.483333333333,-7.08333333333333,46.3033393791937,42.2368393791937,13,212
3286,2912,109.516666666667,-7.05,22.5042385680693,20.7022985680234,13,212
3287,2912,109.55,-7.05,47.3340724700269,45.5532524700269,13,212
3288,2912,109.583333333333,-7.05,65.0063209481018,63.2405409481018,13,212
3289,2912,109.616666666667,-7.05,70.2936214743188,68.5365814743188,13,212
3290,2912,109.65,-7.05,67.3326448119141,65.5778448119141,13,212
3291,2912,109.683333333333,-7.05,61.3482388943632,59.5889388943632,13,212
3292,2912,109.716666666667,-7.05,57.3033932504083,55.532743250413,13,212
3293,2912,109.75,-7.05,56.2368433016476,54.4478133016476,13,212
3294,2912,109.783333333333,-7.05,56.5393034627278,54.7247734627281,13,212
3295,2912,109.816666666667,-7.05,55.027218986851,53.1799789868596,13,212
3296,2912,109.85,-7.05,47.3211517487942,45.4339217487942,13,212
3297,2912,109.883333333333,-7.05,35.0559727570864,33.1214727571121,13,212
3298,2912,109.916666666667,-7.05,27.9819368464925,25.9928668464976,13,212
3299,2912,109.95,-7.05,35.4228662929826,33.3719762929826,13,212
3300,2912,109.983333333333,-7.05,56.8654273929565,54.7455173929113,13,212
3301,2912,110.016666666667,-7.05,80.2098887901561,78.0138587901561,13,212
3302,2912,110.05,-7.05,90.7284544827248,88.4493144827248,13,212
3303,2912,110.083333333333,-7.05,85.7150309969105,83.3459409969347,13,212
3304,2912,110.116666666667,-7.05,73.4225358953695,70.9568458953695,13,212
3305,2912,110.15,-7.05,62.4726917953012,59.9039617953012,13,212
3306,2912,110.183333333333,-7.05,60.6182873833462,57.9402873833427,13,212
3307,2912,110.216666666667,-7.05,72.1345227079029,69.3412927079029,13,212
3308,2912,110.25,-7.05,102.480660595512,99.5665405954402,13,212
3309,2912,110.283333333333,-7.05,153.155203007599,150.114833007497,13,212
3310,2912,110.316666666667,-7.05,201.357663057928,198.186013057928,13,212
3311,2912,110.35,-7.05,208.287572080865,204.979982080913,13,212
3312,2912,110.383333333333,-7.05,161.601645345843,158.153825345843,13,212
3313,2912,110.416666666667,-7.05,96.9271439294104,93.3352039294104,13,212
3314,2912,110.45,-7.05,52.6455348693496,48.905984869409,13,212
3315,2912,110.483333333333,-7.05,29.7810925764898,25.8909025764898,13,212
3286,2911,109.516666666667,-7.01666666666667,15.0638645933667,13.3448645933253,13,212
3287,2911,109.55,-7.01666666666667,36.8717158116313,35.1792358116313,13,212
3288,2911,109.583333333333,-7.01666666666667,53.4130652569858,51.7409552569858,13,212
3289,2911,109.616666666667,-7.01666666666667,60.1231955651474,58.4650655651441,13,212
3290,2911,109.65,-7.01666666666667,57.7920584994926,56.1412884994926,13,212
3291,2911,109.683333333333,-7.01666666666667,52.3121571149689,50.6619371149689,13,212
3292,2911,109.716666666667,-7.01666666666667,50.5635780452784,48.9069280452772,13,212
3293,2911,109.75,-7.01666666666667,53.1643042483525,51.4940842483525,13,212
3294,2911,109.783333333333,-7.01666666666667,58.7065404187494,57.0154904187381,13,212
3295,2911,109.816666666667,-7.01666666666667,63.5789109632978,61.8596909632944,13,212
3296,2911,109.85,-7.01666666666667,60.1526584936171,58.3978584936171,13,212
3297,2911,109.883333333333,-7.01666666666667,46.822271272034,45.0244712720672,13,212
3298,2911,109.916666666667,-7.01666666666667,33.2049290988089,31.3566790988301,13,212
3299,2911,109.95,-7.01666666666667,32.2764763699227,30.3703663699227,13,212
3300,2911,109.983333333333,-7.01666666666667,44.5504716464613,42.579141646435,13,212
3301,2911,110.016666666667,-7.01666666666667,59.1056309039214,57.0618209039214,13,212
3302,2911,110.05,-7.01666666666667,67.8817013121576,65.7582513121576,13,212
3303,2911,110.083333333333,-7.01666666666667,69.3742114788799,67.1641214788869,13,212
3304,2911,110.116666666667,-7.01666666666667,65.0907218399628,62.7871618399628,13,212
3305,2911,110.15,-7.01666666666667,58.6308106460842,56.2271506460842,13,212
3306,2911,110.183333333333,-7.01666666666667,58.7962467184524,56.2860867184457,13,212
3307,2911,110.216666666667,-7.01666666666667,71.0946453405077,68.4718553405077,13,212
3308,2911,110.25,-7.01666666666667,96.5375665170098,93.7962965169557,13,212
3309,2911,110.283333333333,-7.01666666666667,129.92104295351,127.055742953454,13,212
3310,2911,110.316666666667,-7.01666666666667,151.409038929439,148.414498929439,13,212
3311,2911,110.35,-7.01666666666667,141.768981880223,138.64035188028,13,212
3312,2911,110.383333333333,-7.01666666666667,104.221727855486,100.954517855486,13,212
3313,2911,110.416666666667,-7.01666666666667,61.9660218397762,58.5561818397762,13,212
3314,2911,110.45,-7.01666666666667,32.7479399843058,29.1917899843502,13,212
3315,2911,110.483333333333,-7.01666666666667,16.831485735094,13.125815735094,13,212
